Metric,Value
MAE,0.7768259672455287
MSE,0.917104744358757
